<?xml version="1.0" encoding="UTF-8"?>
<project-private xmlns="http://www.netbeans.org/ns/project-private/1">
    <editor-bookmarks xmlns="http://www.netbeans.org/ns/editor-bookmarks/2" lastBookmarkId="0"/>
    <open-files xmlns="http://www.netbeans.org/ns/projectui-open-files/2">
        <group>
            <file>file:/D:/Social%20Media%20Website/application/assets/admin/less/callout.less</file>
            <file>file:/D:/Social%20Media%20Website/application/app/database/seeds/Media_flagsTableSeeder.php</file>
            <file>file:/D:/Social%20Media%20Website/application/assets/admin/css/iCheck/flat/aero.css</file>
            <file>file:/D:/Social%20Media%20Website/application/assets/admin/js/plugins/datatables/jquery.dataTables.js</file>
            <file>file:/D:/Social%20Media%20Website/application/assets/admin/js/tinymce/skins/lightgray/fonts/readme.md</file>
            <file>file:/D:/Social%20Media%20Website/application/app/storage/meta/.gitignore</file>
            <file>file:/D:/Social%20Media%20Website/application/assets/admin/js/jquery-minicolors/jquery.minicolors.png</file>
            <file>file:/D:/Social%20Media%20Website/application/assets/admin/js/plugins/bootstrap-wysihtml5/bootstrap3-wysihtml5.all.min.js</file>
            <file>file:/D:/Social%20Media%20Website/application/assets/admin/less/iCheck.less</file>
            <file>file:/D:/Social%20Media%20Website/application/app/database/seeds/User_flagsTableSeeder.php</file>
            <file>file:/D:/Social%20Media%20Website/application/assets/admin/js/tinymce/skins/lightgray/content.min.css</file>
            <file>file:/D:/Social%20Media%20Website/application/assets/admin/index.html</file>
            <file>file:/D:/Social%20Media%20Website/application/assets/admin/less/sidebar.less</file>
            <file>file:/D:/Social%20Media%20Website/application/app/views/admin/sections/plugins.blade.php</file>
            <file>file:/D:/Social%20Media%20Website/application/app/libraries/Nmsconfig.php</file>
            <file>file:/D:/Social%20Media%20Website/application/app/database/migrations/2013_10_31_190916_create_comment_flags_table.php</file>
            <file>file:/D:/Social%20Media%20Website/application/app/lang/en/users.php</file>
            <file>file:/D:/Social%20Media%20Website/application/app/models/Comment.php</file>
            <file>file:/D:/Social%20Media%20Website/application/phpunit.xml</file>
            <file>file:/D:/Social%20Media%20Website/application/app/models/Setting.php</file>
            <file>file:/D:/Social%20Media%20Website/application/app/database/seeds/GamesTableSeeder.php</file>
            <file>file:/D:/Social%20Media%20Website/application/app/views/admin/sections/themes.blade.php</file>
            <file>file:/D:/Social%20Media%20Website/application/assets/admin/js/jquery-minicolors/jquery.minicolors.css</file>
            <file>file:/D:/Social%20Media%20Website/application/assets/admin/less/mixins.less</file>
            <file>file:/D:/Social%20Media%20Website/application/app/database/migrations/2013_11_01_172137_create_media_likes_table.php</file>
            <file>file:/D:/Social%20Media%20Website/application/app/views/includes/leaderboards.blade.php</file>
            <file>file:/D:/Social%20Media%20Website/application/app/models/UserFlag.php</file>
            <file>file:/D:/Social%20Media%20Website/application/app/database/seeds/SettingsTableSeeder.php</file>
            <file>file:/D:/Social%20Media%20Website/application/app/views/user/points.blade.php</file>
            <file>file:/D:/Social%20Media%20Website/application/assets/admin/pages/forms/empty.html</file>
            <file>file:/D:/Social%20Media%20Website/application/assets/js/ace/worker-javascript.js</file>
            <file>file:/D:/Social%20Media%20Website/application/assets/admin/pages/examples/500.html</file>
            <file>file:/D:/Social%20Media%20Website/application/app/libraries/Plugins.php</file>
            <file>file:/D:/Social%20Media%20Website/application/app/database/seeds/PointsTableSeeder.php</file>
            <file>file:/D:/Social%20Media%20Website/application/assets/admin/css/datatables/images/sort_asc_disabled.png</file>
            <file>file:/D:/Social%20Media%20Website/application/assets/admin/pages/calendar.html</file>
            <file>file:/D:/Social%20Media%20Website/application/assets/js/jquery-minicolors/without-bootstrap.html</file>
            <file>file:/D:/Social%20Media%20Website/application/app/lang/en/auth.php</file>
            <file>file:/D:/Social%20Media%20Website/application/assets/css/unminified/admin.css</file>
            <file>file:/D:/Social%20Media%20Website/application/app/database/migrations/2013_10_22_214617_create_comments_table.php</file>
            <file>file:/D:/Social%20Media%20Website/application/app/views/includes/media_grid.blade.php</file>
            <file>file:/D:/Social%20Media%20Website/application/assets/admin/pages/charts/flot.html</file>
            <file>file:/D:/Social%20Media%20Website/application/app/views/includes/custom_css.blade.php</file>
            <file>file:/D:/Social%20Media%20Website/application/assets/admin/css/iCheck/futurico/futurico.css</file>
            <file>file:/D:/Social%20Media%20Website/application/assets/admin/less/boxes.less</file>
            <file>file:/D:/Social%20Media%20Website/application/app/database/migrations/2013_11_06_225242_create_oauth_facebook_table.php</file>
            <file>file:/D:/Social%20Media%20Website/application/assets/admin/empty.html</file>
            <file>file:/D:/Social%20Media%20Website/application/app/start/local.php</file>
            <file>file:/D:/Social%20Media%20Website/application/app/views/user/index.blade.php</file>
            <file>file:/D:/Social%20Media%20Website/application/assets/admin/pages/examples/login.html</file>
            <file>file:/D:/Social%20Media%20Website/application/assets/js/ace/mode-javascript.js</file>
            <file>file:/D:/Social%20Media%20Website/application/app/views/auth/signup.blade.php</file>
            <file>file:/D:/Social%20Media%20Website/application/assets/admin/js/plugins/slimScroll/slimScroll.jquery.json</file>
            <file>file:/D:/Social%20Media%20Website/application/app/views/auth/password_reset.blade.php</file>
            <file>file:/D:/Social%20Media%20Website/application/assets/js/ace/theme-github.js</file>
            <file>file:/D:/Social%20Media%20Website/application/app/libraries/helper.php</file>
            <file>file:/D:/Social%20Media%20Website/application/app/views/includes/media-list-javascript.blade.php</file>
            <file>file:/D:/Social%20Media%20Website/application/app/database/seeds/OauthFacebookTableSeeder.php</file>
            <file>file:/D:/Social%20Media%20Website/application/assets/admin/css/bootstrap-slider/slider.css</file>
            <file>file:/D:/Social%20Media%20Website/application/assets/admin/js/script.js</file>
            <file>file:/D:/Social%20Media%20Website/application/composer.lock</file>
            <file>file:/D:/Social%20Media%20Website/application/assets/admin/css/ionslider/ion.rangeSlider.skinFlat.css</file>
            <file>file:/D:/Social%20Media%20Website/application/assets/admin/pages/UI/icons.html</file>
            <file>file:/D:/Social%20Media%20Website/application/app/controllers/InstallController.php</file>
            <file>file:/D:/Social%20Media%20Website/application/assets/admin/js/jquery-minicolors/jquery.minicolors.js</file>
            <file>file:/D:/Social%20Media%20Website/application/assets/admin/css/font-awesome.min.css</file>
            <file>file:/D:/Social%20Media%20Website/application/assets/js/tinymce/langs/readme.md</file>
            <file>file:/D:/Social%20Media%20Website/application/app/views/media/create.blade.php</file>
            <file>file:/D:/Social%20Media%20Website/application/assets/admin/css/morris/morris.css</file>
            <file>file:/D:/Social%20Media%20Website/application/assets/admin/js/tagsinput/jquery.tagsinput.js</file>
            <file>file:/D:/Social%20Media%20Website/application/app/views/home.blade.php</file>
            <file>file:/D:/Social%20Media%20Website/application/app/database/migrations/2013_10_31_164630_create_comment_votes_table.php</file>
            <file>file:/D:/Social%20Media%20Website/application/assets/admin/css/bootstrap.3.2.0.min.css</file>
            <file>file:/D:/Social%20Media%20Website/application/assets/admin/less/vars.less</file>
            <file>file:/D:/Social%20Media%20Website/application/assets/admin/js/tinymce/skins/lightgray/content.inline.min.css</file>
            <file>file:/D:/Social%20Media%20Website/application/app/start/artisan.php</file>
            <file>file:/D:/Social%20Media%20Website/application/assets/admin/less/header.less</file>
            <file>file:/D:/Social%20Media%20Website/application/assets/js/jquery-minicolors/index.html</file>
            <file>file:/D:/Social%20Media%20Website/application/assets/admin/pages/widgets.html</file>
            <file>file:/D:/Social%20Media%20Website/application/assets/admin/less/core.less</file>
            <file>file:/D:/Social%20Media%20Website/application/server.php</file>
            <file>file:/D:/Social%20Media%20Website/application/assets/admin/css/timepicker/bootstrap-timepicker.min.css</file>
            <file>file:/D:/Social%20Media%20Website/application/app/storage/debugbar/.gitignore</file>
            <file>file:/D:/Social%20Media%20Website/application/assets/admin/less/alerts.less</file>
            <file>file:/D:/Social%20Media%20Website/application/app/views/admin/sections/users.blade.php</file>
            <file>file:/D:/Social%20Media%20Website/application/app/views/admin/sections/media.blade.php</file>
            <file>file:/D:/Social%20Media%20Website/application/app/database/seeds/MediaLikesTableSeeder.php</file>
            <file>file:/D:/Social%20Media%20Website/application/app/views/pages/index.blade.php</file>
            <file>file:/D:/Social%20Media%20Website/application/assets/js/noty/layouts/centerLeft.js</file>
            <file>file:/D:/Social%20Media%20Website/application/app/views/includes/functions.blade.php</file>
            <file>file:/D:/Social%20Media%20Website/application/assets/installer/ajax-loader.gif</file>
            <file>file:/D:/Social%20Media%20Website/application/app/config/auth.php</file>
            <file>file:/D:/Social%20Media%20Website/application/assets/admin/less/buttons.less</file>
            <file>file:/D:/Social%20Media%20Website/application/assets/admin/js/jquery-minicolors/jquery.minicolors.min.js</file>
            <file>file:/D:/Social%20Media%20Website/application/app/views/includes/pagination.blade.php</file>
            <file>file:/D:/Social%20Media%20Website/application/composer.json</file>
            <file>file:/D:/Social%20Media%20Website/application/assets/admin/js/tinymce/skins/lightgray/skin.min.css</file>
            <file>file:/D:/Social%20Media%20Website/application/assets/admin/pages/UI/sliders.html</file>
            <file>file:/D:/Social%20Media%20Website/application/app/storage/cache/.gitignore</file>
            <file>file:/D:/Social%20Media%20Website/application/app/views/includes/profile-sidebar.blade.php</file>
            <file>file:/D:/Social%20Media%20Website/application/app/views/media/show-edit-media.blade.php</file>
            <file>file:/D:/Social%20Media%20Website/application/app/database/production.sqlite</file>
            <file>file:/D:/Social%20Media%20Website/application/app/database/migrations/2013_10_17_201039_create_media_table.php</file>
            <file>file:/D:/Social%20Media%20Website/application/assets/admin/js/tinymce/x.min.js</file>
            <file>file:/D:/Social%20Media%20Website/application/app/views/layouts/mobile-menu.blade.php</file>
            <file>file:/D:/Social%20Media%20Website/application/assets/admin/js/AdminLTE/dashboard.js</file>
            <file>file:/D:/Social%20Media%20Website/application/assets/admin/js/plugins/datepicker/locales/bootstrap-datepicker.ar.js</file>
            <file>file:/D:/Social%20Media%20Website/application/assets/admin/less/invoice.less</file>
            <file>file:/D:/Social%20Media%20Website/application/assets/admin/pages/charts/empty.html</file>
            <file>file:/D:/Social%20Media%20Website/application/assets/admin/js/tagsinput/jquery.tagsinput.css</file>
            <file>file:/D:/Social%20Media%20Website/application/app/models/Point.php</file>
            <file>file:/D:/Social%20Media%20Website/application/assets/admin/pages/examples/lockscreen.html</file>
            <file>file:/D:/Social%20Media%20Website/application/app/database/seeds/OauthGoogleTableSeeder.php</file>
            <file>file:/D:/Social%20Media%20Website/application/app/models/PluginData.php</file>
            <file>file:/D:/Social%20Media%20Website/application/assets/admin/js/plugins/slimScroll/jquery.slimscroll.js</file>
            <file>file:/D:/Social%20Media%20Website/application/app/views/emails/auth/reminder.blade.php</file>
            <file>file:/D:/Social%20Media%20Website/application/assets/css/bootstrap.min.css</file>
            <file>file:/D:/Social%20Media%20Website/application/app/views/includes/aboutpoints.blade.php</file>
            <file>file:/D:/Social%20Media%20Website/application/app/database/seeds/MediaTableSeeder.php</file>
            <file>file:/D:/Social%20Media%20Website/application/app/libraries/ImageHandler.php</file>
            <file>file:/D:/Social%20Media%20Website/application/app/views/admin/sections/categories.blade.php</file>
            <file>file:/D:/Social%20Media%20Website/application/assets/admin/js/bootstrap.3.2.0.min.js</file>
            <file>file:/D:/Social%20Media%20Website/application/assets/admin/less/404_500_errors.less</file>
            <file>file:/D:/Social%20Media%20Website/application/app/views/media/show-sidebar.blade.php</file>
            <file>file:/D:/Social%20Media%20Website/application/assets/js/jquery-minicolors/jquery.minicolors.min.js</file>
            <file>file:/D:/Social%20Media%20Website/application/app/views/layouts/master.blade.php</file>
            <file>file:/D:/Social%20Media%20Website/application/assets/admin/pages/mailbox.html</file>
            <file>file:/D:/Social%20Media%20Website/application/app/views/media/show.blade.php</file>
            <file>file:/D:/Social%20Media%20Website/application/assets/admin/less/forms.less</file>
            <file>file:/D:/Social%20Media%20Website/application/assets/admin/css/daterangepicker/daterangepicker-bs3.css</file>
            <file>file:/D:/Social%20Media%20Website/application/bootstrap/start.php</file>
            <file>file:/D:/Social%20Media%20Website/application/app/views/includes/home-social.blade.php</file>
            <file>file:/D:/Social%20Media%20Website/application/app/database/seeds/Oauth_googleTableSeeder.php</file>
            <file>file:/D:/Social%20Media%20Website/application/assets/js/noty/promise.js</file>
            <file>file:/D:/Social%20Media%20Website/application/assets/js/jquery-minicolors/jquery.minicolors.js</file>
            <file>file:/D:/Social%20Media%20Website/application/assets/admin/css/colorpicker/bootstrap-colorpicker.min.css</file>
            <file>file:/D:/Social%20Media%20Website/application/bootstrap/paths.php</file>
            <file>file:/D:/Social%20Media%20Website/application/assets/admin/pages/UI/buttons.html</file>
            <file>file:/D:/Social%20Media%20Website/application/assets/admin/pages/charts/inline.html</file>
            <file>file:/D:/Social%20Media%20Website/application/assets/admin/pages/tables/simple.html</file>
            <file>file:/D:/Social%20Media%20Website/application/assets/css/style-dark.min.css</file>
            <file>file:/D:/Social%20Media%20Website/application/app/routes.php</file>
            <file>file:/D:/Social%20Media%20Website/application/assets/admin/less/pace.less</file>
            <file>file:/D:/Social%20Media%20Website/application/assets/admin/css/colorpicker/bootstrap-colorpicker.css</file>
            <file>file:/D:/Social%20Media%20Website/application/assets/admin/less/login_and_register.less</file>
            <file>file:/D:/Social%20Media%20Website/application/app/database/seeds/Media_likesTableSeeder.php</file>
            <file>file:/D:/Social%20Media%20Website/application/app/models/Notification.php</file>
            <file>file:/D:/Social%20Media%20Website/application/assets/admin/js/jquery-minicolors/index.html</file>
            <file>file:/D:/Social%20Media%20Website/application/app/database/migrations/2013_10_22_214727_create_points_table.php</file>
            <file>file:/D:/Social%20Media%20Website/application/app/database/migrations/2013_10_31_205327_create_media_flags_table.php</file>
            <file>file:/D:/Social%20Media%20Website/application/app/storage/.gitignore</file>
            <file>file:/D:/Social%20Media%20Website/application/app/views/admin/sections/custom_code.blade.php</file>
            <file>file:/D:/Social%20Media%20Website/application/assets/admin/js/plugins/datepicker/locales/bootstrap-datepicker.cs.js</file>
            <file>file:/D:/Social%20Media%20Website/application/assets/admin/pages/forms/general.html</file>
            <file>file:/D:/Social%20Media%20Website/application/app/controllers/SitemapController.php</file>
            <file>file:/D:/Social%20Media%20Website/application/assets/admin/js/plugins/timepicker/bootstrap-timepicker.min.js</file>
            <file>file:/D:/Social%20Media%20Website/application/app/views/includes/media_loop.blade.php</file>
            <file>file:/D:/Social%20Media%20Website/application/assets/admin/css/iCheck/flat/green.css</file>
            <file>file:/D:/Social%20Media%20Website/application/assets/js/noty/layouts/bottomRight.js</file>
            <file>file:/D:/Social%20Media%20Website/application/assets/admin/js/tinymce/skins/lightgray/skin.ie7.min.css</file>
            <file>file:/D:/Social%20Media%20Website/application/assets/css/unminified/style.css</file>
            <file>file:/D:/Social%20Media%20Website/application/assets/admin/less/dropdown.less</file>
            <file>file:/D:/Social%20Media%20Website/application/assets/admin/less/mailbox.less</file>
            <file>file:/D:/Social%20Media%20Website/application/assets/admin/css/images/animated-overlay.gif</file>
            <file>file:/D:/Social%20Media%20Website/application/assets/admin/js/tinymce/tinymce.min.js</file>
            <file>file:/D:/Social%20Media%20Website/application/assets/admin/js/plugins/bootstrap-slider/bootstrap-slider.js</file>
            <file>file:/D:/Social%20Media%20Website/application/assets/admin/js/jquery.2.1.1.min.js</file>
            <file>file:/D:/Social%20Media%20Website/application/assets/admin/pages/examples/invoice.html</file>
            <file>file:/D:/Social%20Media%20Website/application/bootstrap/autoload.php</file>
            <file>file:/D:/Social%20Media%20Website/application/app/views/admin/sections/comments.blade.php</file>
            <file>file:/D:/Social%20Media%20Website/application/assets/css/style.css</file>
            <file>file:/D:/Social%20Media%20Website/application/assets/admin/less/AdminLTE.less</file>
            <file>file:/D:/Social%20Media%20Website/application/app/controllers/MediaController.php</file>
            <file>file:/D:/Social%20Media%20Website/application/assets/css/font-awesome.min.css</file>
            <file>file:/D:/Social%20Media%20Website/application/assets/admin/css/iCheck/flat/_all.css</file>
            <file>file:/D:/Social%20Media%20Website/application/assets/admin/js/plugins/slimScroll/jquery.slimscroll.min.js</file>
            <file>file:/D:/Social%20Media%20Website/application/app/views/admin/sections/update.blade.php</file>
            <file>file:/D:/Social%20Media%20Website/application/assets/js/ace/worker-css.js</file>
            <file>file:/D:/Social%20Media%20Website/application/assets/js/noty/layouts/bottomCenter.js</file>
            <file>file:/D:/Social%20Media%20Website/application/assets/admin/less/timeline.less</file>
            <file>file:/D:/Social%20Media%20Website/application/assets/admin/pages/empty.html</file>
            <file>file:/D:/Social%20Media%20Website/application/assets/admin/js/plugins/flot/excanvas.js</file>
            <file>file:/D:/Social%20Media%20Website/application/assets/admin/css/ionslider/ion.rangeSlider.skinNice.css</file>
            <file>file:/D:/Social%20Media%20Website/application/app/database/migrations/2013_10_31_205302_create_user_flags_table.php</file>
            <file>file:/D:/Social%20Media%20Website/application/assets/admin/pages/UI/timeline.html</file>
            <file>file:/D:/Social%20Media%20Website/application/assets/admin/js/plugins/datepicker/locales/bootstrap-datepicker.cy.js</file>
            <file>file:/D:/Social%20Media%20Website/application/app/database/seeds/UserFlagsTableSeeder.php</file>
            <file>file:/D:/Social%20Media%20Website/application/assets/admin/js/plugins/datatables/dataTables.bootstrap.js</file>
            <file>file:/D:/Social%20Media%20Website/application/app/views/install.blade.php</file>
            <file>file:/D:/Social%20Media%20Website/application/assets/admin/js/plugins/sparkline/jquery.sparkline.min.js</file>
            <file>file:/D:/Social%20Media%20Website/application/app/libraries/Recaptcha.php</file>
            <file>file:/D:/Social%20Media%20Website/application/app/views/includes/media_list.blade.php</file>
            <file>file:/D:/Social%20Media%20Website/application/app/views/includes/sidebar.blade.php</file>
            <file>file:/D:/Social%20Media%20Website/application/assets/admin/css/jvectormap/jquery-jvectormap-1.2.2.css</file>
            <file>file:/D:/Social%20Media%20Website/application/app/models/Category.php</file>
            <file>file:/D:/Social%20Media%20Website/application/assets/admin/less/progress-bars.less</file>
            <file>file:/D:/Social%20Media%20Website/application/app/libraries/Site.php</file>
            <file>file:/D:/Social%20Media%20Website/application/assets/admin/js/AdminLTE/app.js</file>
            <file>file:/D:/Social%20Media%20Website/application/app/database/seeds/Oauth_facebookTableSeeder.php</file>
            <file>file:/D:/Social%20Media%20Website/application/assets/js/ace/mode-css.js</file>
            <file>file:/D:/Social%20Media%20Website/application/assets/admin/less/skins.less</file>
            <file>file:/D:/Social%20Media%20Website/application/assets/admin/js/tinymce/themes/modern/theme.min.js</file>
            <file>file:/D:/Social%20Media%20Website/application/assets/admin/css/iCheck/line/_all.css</file>
            <file>file:/D:/Social%20Media%20Website/application/app/views/includes/options_bar.blade.php</file>
            <file>file:/D:/Social%20Media%20Website/application/app/database/seeds/CategoriesTableSeeder.php</file>
            <file>file:/D:/Social%20Media%20Website/application/assets/admin/js/tinymce/langs/readme.md</file>
            <file>file:/D:/Social%20Media%20Website/application/app/database/seeds/CommentVotesTableSeeder.php</file>
            <file>file:/D:/Social%20Media%20Website/application/assets/admin/js/plugins/colorpicker/bootstrap-colorpicker.min.js</file>
            <file>file:/D:/Social%20Media%20Website/application/app/database/seeds/UsersTableSeeder.php</file>
            <file>file:/D:/Social%20Media%20Website/application/assets/admin/less/navs.less</file>
            <file>file:/D:/Social%20Media%20Website/application/assets/admin/pages/tables/data.html</file>
            <file>file:/D:/Social%20Media%20Website/application/assets/admin/css/bootstrap-wysihtml5/bootstrap3-wysihtml5.min.css</file>
            <file>file:/D:/Social%20Media%20Website/application/app/views/admin/sections/pages.blade.php</file>
            <file>file:/D:/Social%20Media%20Website/application/assets/admin/js/plugins/colorpicker/bootstrap-colorpicker.js</file>
            <file>file:/D:/Social%20Media%20Website/application/app/controllers/UserController.php</file>
            <file>file:/D:/Social%20Media%20Website/application/app/storage/logs/.gitignore</file>
            <file>file:/D:/Social%20Media%20Website/application/assets/admin/less/small-box.less</file>
            <file>file:/D:/Social%20Media%20Website/application/assets/admin/pages/UI/general.html</file>
            <file>file:/D:/Social%20Media%20Website/application/app/views/admin/index.php</file>
            <file>file:/D:/Social%20Media%20Website/application/app/views/sitemap.blade.php</file>
            <file>file:/D:/Social%20Media%20Website/application/assets/admin/js/plugins/datepicker/bootstrap-datepicker.js</file>
            <file>file:/D:/Social%20Media%20Website/application/app/database/seeds/CommentFlagsTableSeeder.php</file>
            <file>file:/D:/Social%20Media%20Website/application/app/database/migrations/2013_09_02_062359_create_users_table.php</file>
            <file>file:/D:/Social%20Media%20Website/application/assets/admin/js/jquery-minicolors/without-bootstrap.html</file>
            <file>file:/D:/Social%20Media%20Website/application/app/libraries/Youtubehelper.php</file>
            <file>file:/D:/Social%20Media%20Website/application/artisan</file>
            <file>file:/D:/Social%20Media%20Website/application/app/database/seeds/DatabaseSeeder.php</file>
            <file>file:/D:/Social%20Media%20Website/application/assets/js/jquery-minicolors/jquery.minicolors.png</file>
            <file>file:/D:/Social%20Media%20Website/application/app/start/global.php</file>
            <file>file:/D:/Social%20Media%20Website/application/app/models/MediaLike.php</file>
            <file>file:/D:/Social%20Media%20Website/application/app/views/auth/signin.blade.php</file>
            <file>file:/D:/Social%20Media%20Website/application/app/config/app.php</file>
            <file>file:/D:/Social%20Media%20Website/application/assets/admin/js/plugins/sparkline/jquery.sparkline.js</file>
            <file>file:/D:/Social%20Media%20Website/application/assets/admin/js/jquery-ui.1.11.1.min.js</file>
            <file>file:/D:/Social%20Media%20Website/application/assets/admin/css/datatables/images/sort_asc.png</file>
            <file>file:/D:/Social%20Media%20Website/application/app/filters.php</file>
            <file>file:/D:/Social%20Media%20Website/application/assets/admin/pages/charts/morris.html</file>
            <file>file:/D:/Social%20Media%20Website/application/assets/admin/pages/examples/404.html</file>
            <file>file:/D:/Social%20Media%20Website/application/assets/admin/pages/UI/jquery-ui.html</file>
            <file>file:/D:/Social%20Media%20Website/application/app/views/admin/sections/dashboard.blade.php</file>
            <file>file:/D:/Social%20Media%20Website/application/app/models/MediaFlag.php</file>
            <file>file:/D:/Social%20Media%20Website/application/assets/js/tagsinput/jquery.tagsinput.css</file>
            <file>file:/D:/Social%20Media%20Website/application/app/views/includes/profile-mobile.blade.php</file>
            <file>file:/D:/Social%20Media%20Website/application/app/views/media/show-javascript.blade.php</file>
            <file>file:/D:/Social%20Media%20Website/application/app/models/User.php</file>
            <file>file:/D:/Social%20Media%20Website/application/assets/js/jquery-minicolors/jquery.minicolors.css</file>
            <file>file:/D:/Social%20Media%20Website/application/assets/admin/css/ionicons/css/ionicons.min.css</file>
            <file>file:/D:/Social%20Media%20Website/application/assets/admin/pages/UI/empty.html</file>
            <file>file:/D:/Social%20Media%20Website/application/assets/admin/pages/examples/register.html</file>
            <file>file:/D:/Social%20Media%20Website/application/app/models/Media.php</file>
            <file>file:/D:/Social%20Media%20Website/application/assets/admin/pages/tables/empty.html</file>
            <file>file:/D:/Social%20Media%20Website/application/assets/admin/css/datepicker/datepicker3.css</file>
            <file>file:/D:/Social%20Media%20Website/application/app/views/errors/index.blade.php</file>
            <file>file:/D:/Social%20Media%20Website/application/assets/admin/css/timepicker/bootstrap-timepicker.css</file>
            <file>file:/D:/Social%20Media%20Website/application/app/storage/sessions/.gitignore</file>
            <file>file:/D:/Social%20Media%20Website/application/assets/admin/less/lockscreen.less</file>
            <file>file:/D:/Social%20Media%20Website/application/assets/admin/pages/forms/advanced.html</file>
            <file>file:/D:/Social%20Media%20Website/application/assets/css/admin.css</file>
            <file>file:/D:/Social%20Media%20Website/application/app/models/Page.php</file>
            <file>file:/D:/Social%20Media%20Website/application/assets/admin/js/plugins/timepicker/bootstrap-timepicker.js</file>
            <file>file:/D:/Social%20Media%20Website/application/assets/installer/style.css</file>
            <file>file:/D:/Social%20Media%20Website/application/assets/admin/js/AdminLTE/demo.js</file>
            <file>file:/D:/Social%20Media%20Website/application/app/database/migrations/2013_10_18_004537_create_categories_table.php</file>
            <file>file:/D:/Social%20Media%20Website/application/assets/admin/js/plugins/daterangepicker/daterangepicker.js</file>
            <file>file:/D:/Social%20Media%20Website/application/assets/js/noty/jquery.noty.js</file>
            <file>file:/D:/Social%20Media%20Website/application/app/views/admin/sections/settings.blade.php</file>
            <file>file:/D:/Social%20Media%20Website/application/app/database/seeds/MediaFlagsTableSeeder.php</file>
            <file>file:/D:/Social%20Media%20Website/application/app/views/includes/edit-user-profile.blade.php</file>
            <file>file:/D:/Social%20Media%20Website/application/app/views/includes/media_item.blade.php</file>
            <file>file:/D:/Social%20Media%20Website/application/assets/admin/css/bootstrap-wysihtml5/bootstrap3-wysihtml5.css</file>
            <file>file:/D:/Social%20Media%20Website/application/assets/admin/css/iCheck/flat/yellow.css</file>
            <file>file:/D:/Social%20Media%20Website/application/app/models/CommentVote.php</file>
            <file>file:/D:/Social%20Media%20Website/application/assets/js/noty/layouts/bottom.js</file>
            <file>file:/D:/Social%20Media%20Website/application/assets/js/noty/themes/default.js</file>
            <file>file:/D:/Social%20Media%20Website/application/assets/admin/js/plugins/bootstrap-wysihtml5/bootstrap3-wysihtml5.js</file>
            <file>file:/D:/Social%20Media%20Website/application/assets/js/ace/ace.js</file>
            <file>file:/D:/Social%20Media%20Website/application/app/views/auth/password_reset_form.blade.php</file>
            <file>file:/D:/Social%20Media%20Website/application/assets/admin/less/bootstrap-social.less</file>
            <file>file:/D:/Social%20Media%20Website/application/assets/admin/css/style.css</file>
            <file>file:/D:/Social%20Media%20Website/application/app/models/Plugin.php</file>
            <file>file:/D:/Social%20Media%20Website/application/assets/css/animate.min.css</file>
            <file>file:/D:/Social%20Media%20Website/application/app/lang/en/admin.php</file>
            <file>file:/D:/Social%20Media%20Website/application/assets/admin/css/ionslider/ion.rangeSlider.css</file>
            <file>file:/D:/Social%20Media%20Website/application/assets/admin/css/datatables/dataTables.bootstrap.css</file>
            <file>file:/D:/Social%20Media%20Website/application/assets/admin/css/ionicons/fonts/ionicons.svg</file>
            <file>file:/D:/Social%20Media%20Website/application/assets/admin/ajax/dashboard-boxrefresh-demo.php</file>
            <file>file:/D:/Social%20Media%20Website/application/app/libraries/Themes.php</file>
            <file>file:/D:/Social%20Media%20Website/application/app/views/includes/random-bar.blade.php</file>
            <file>file:/D:/Social%20Media%20Website/application/assets/admin/pages/examples/blank.html</file>
            <file>file:/D:/Social%20Media%20Website/application/app/views/pagination/mine.php</file>
            <file>file:/D:/Social%20Media%20Website/application/assets/admin/fonts/fontawesome-webfont.svg</file>
        </group>
    </open-files>
</project-private>
